{"id":"aff63c5e291a3186425c9ce6f5e9ef4e","_format":"hh-sol-build-info-1","solcVersion":"0.8.24","solcLongVersion":"0.8.24+commit.e11b9ed9","input":{"language":"Solidity","sources":{"contracts/interfaces/IERC20.sol":{"content":"// SPDX-License-Identifier: MIT\npragma solidity ^0.8.24;\n\ninterface IERC20 {\n    function totalSupply() external view returns (uint256);\n    function balanceOf(address account) external view returns (uint256);\n    function transfer(address recipient, uint256 amount) external returns (bool);\n    function allowance(address owner, address spender) external view returns (uint256);\n    function approve(address spender, uint256 amount) external returns (bool);\n    function transferFrom(address sender, address recipient, uint256 amount) external returns (bool);\n\n    event Transfer(address indexed from, address indexed to, uint256 value);\n    event Approval(address indexed owner, address indexed spender, uint256 value);\n    function name() external view returns (string memory);\n    function symbol() external view returns (string memory);\n    function decimals() external view returns (uint8);\n} "},"contracts/interfaces/IPollenDAO.sol":{"content":"// SPDX-License-Identifier: MIT\npragma solidity ^0.8.24;\n\ninterface IPollenDAO {\n    event ProposalCreated(\n        uint256 indexed proposalId,\n        address indexed proposer,\n        address[] targets,\n        uint256[] values,\n        string[] signatures,\n        bytes[] calldatas,\n        uint256 startBlock,\n        uint256 endBlock,\n        string description\n    );\n    event ProposalExecuted(uint256 indexed proposalId);\n    event VoteCast(address indexed voter, uint256 indexed proposalId, uint8 support, uint256 weight);\n\n    function votingPeriod() external view returns (uint256);\n    function quorum() external view returns (uint256);\n    function proposalThreshold() external view returns (uint256);\n    function proposalCount() external view returns (uint256);\n    function getProposal(uint256 proposalId) external view returns (\n        address proposer,\n        uint256 startBlock,\n        uint256 endBlock,\n        uint256 forVotes,\n        uint256 againstVotes,\n        bool executed\n    );\n    function state(uint256 proposalId) external view returns (uint8);\n    function castVote(uint256 proposalId, uint8 support) external;\n    function execute(uint256 proposalId) external;\n} "},"contracts/interfaces/IProxyStorage.sol":{"content":"// SPDX-License-Identifier: MIT\npragma solidity ^0.8.24;\n\ninterface IProxyStorage {\n    event Upgraded(address indexed implementation);\n    event AdminChanged(address indexed previousAdmin, address indexed newAdmin);\n\n    function implementation() external view returns (address);\n    function admin() external view returns (address);\n    function upgradeTo(address newImplementation) external;\n    function upgradeToAndCall(address newImplementation, bytes calldata data) external payable;\n    function changeAdmin(address newAdmin) external;\n} "},"contracts/interfaces/IVePLN.sol":{"content":"// SPDX-License-Identifier: MIT\npragma solidity ^0.8.24;\n\ninterface IVePLN {\n    event Stake(address indexed user, uint256 amount, uint256 lockDuration);\n    event Unstake(address indexed user, uint256 amount);\n    event ExtendLock(address indexed user, uint256 newLockDuration);\n\n    function totalSupply() external view returns (uint256);\n    function balanceOf(address account) external view returns (uint256);\n    function maxLockDuration() external view returns (uint256);\n    function minLockDuration() external view returns (uint256);\n    function getLockInfo(address account) external view returns (uint256 amount, uint256 lockEnd);\n    function stake(uint256 amount, uint256 lockDuration) external;\n    function unstake() external;\n    function extendLock(uint256 newLockDuration) external;\n} "}},"settings":{"optimizer":{"enabled":true,"runs":200},"evmVersion":"paris","outputSelection":{"*":{"*":["abi","evm.bytecode","evm.deployedBytecode","evm.methodIdentifiers","metadata"],"":["ast"]}}}},"output":{"sources":{"contracts/interfaces/IERC20.sol":{"ast":{"absolutePath":"contracts/interfaces/IERC20.sol","exportedSymbols":{"IERC20":[83]},"id":84,"license":"MIT","nodeType":"SourceUnit","nodes":[{"id":1,"literals":["solidity","^","0.8",".24"],"nodeType":"PragmaDirective","src":"32:24:0"},{"abstract":false,"baseContracts":[],"canonicalName":"IERC20","contractDependencies":[],"contractKind":"interface","fullyImplemented":false,"id":83,"linearizedBaseContracts":[83],"name":"IERC20","nameLocation":"68:6:0","nodeType":"ContractDefinition","nodes":[{"functionSelector":"18160ddd","id":6,"implemented":false,"kind":"function","modifiers":[],"name":"totalSupply","nameLocation":"90:11:0","nodeType":"FunctionDefinition","parameters":{"id":2,"nodeType":"ParameterList","parameters":[],"src":"101:2:0"},"returnParameters":{"id":5,"nodeType":"ParameterList","parameters":[{"constant":false,"id":4,"mutability":"mutable","name":"","nameLocation":"-1:-1:-1","nodeType":"VariableDeclaration","scope":6,"src":"127:7:0","stateVariable":false,"storageLocation":"default","typeDescriptions":{"typeIdentifier":"t_uint256","typeString":"uint256"},"typeName":{"id":3,"name":"uint256","nodeType":"ElementaryTypeName","src":"127:7:0","typeDescriptions":{"typeIdentifier":"t_uint256","typeString":"uint256"}},"visibility":"internal"}],"src":"126:9:0"},"scope":83,"src":"81:55:0","stateMutability":"view","virtual":false,"visibility":"external"},{"functionSelector":"70a08231","id":13,"implemented":false,"kind":"function","modifiers":[],"name":"balanceOf","nameLocation":"150:9:0","nodeType":"FunctionDefinition","parameters":{"id":9,"nodeType":"ParameterList","parameters":[{"constant":false,"id":8,"mutability":"mutable","name":"account","nameLocation":"168:7:0","nodeType":"VariableDeclaration","scope":13,"src":"160:15:0","stateVariable":false,"storageLocation":"default","typeDescriptions":{"typeIdentifier":"t_address","typeString":"address"},"typeName":{"id":7,"name":"address","nodeType":"ElementaryTypeName","src":"160:7:0","stateMutability":"nonpayable","typeDescriptions":{"typeIdentifier":"t_address","typeString":"address"}},"visibility":"internal"}],"src":"159:17:0"},"returnParameters":{"id":12,"nodeType":"ParameterList","parameters":[{"constant":false,"id":11,"mutability":"mutable","name":"","nameLocation":"-1:-1:-1","nodeType":"VariableDeclaration","scope":13,"src":"200:7:0","stateVariable":false,"storageLocation":"default","typeDescriptions":{"typeIdentifier":"t_uint256","typeString":"uint256"},"typeName":{"id":10,"name":"uint256","nodeType":"ElementaryTypeName","src":"200:7:0","typeDescriptions":{"typeIdentifier":"t_uint256","typeString":"uint256"}},"visibility":"internal"}],"src":"199:9:0"},"scope":83,"src":"141:68:0","stateMutability":"view","virtual":false,"visibility":"external"},{"functionSelector":"a9059cbb","id":22,"implemented":false,"kind":"function","modifiers":[],"name":"transfer","nameLocation":"223:8:0","nodeType":"FunctionDefinition","parameters":{"id":18,"nodeType":"ParameterList","parameters":[{"constant":false,"id":15,"mutability":"mutable","name":"recipient","nameLocation":"240:9:0","nodeType":"VariableDeclaration","scope":22,"src":"232:17:0","stateVariable":false,"storageLocation":"default","typeDescriptions":{"typeIdentifier":"t_address","typeString":"address"},"typeName":{"id":14,"name":"address","nodeType":"ElementaryTypeName","src":"232:7:0","stateMutability":"nonpayable","typeDescriptions":{"typeIdentifier":"t_address","typeString":"address"}},"visibility":"internal"},{"constant":false,"id":17,"mutability":"mutable","name":"amount","nameLocation":"259:6:0","nodeType":"VariableDeclaration","scope":22,"src":"251:14:0","stateVariable":false,"storageLocation":"default","typeDescriptions":{"typeIdentifier":"t_uint256","typeString":"uint256"},"typeName":{"id":16,"name":"uint256","nodeType":"ElementaryTypeName","src":"251:7:0","typeDescriptions":{"typeIdentifier":"t_uint256","typeString":"uint256"}},"visibility":"internal"}],"src":"231:35:0"},"returnParameters":{"id":21,"nodeType":"ParameterList","parameters":[{"constant":false,"id":20,"mutability":"mutable","name":"","nameLocation":"-1:-1:-1","nodeType":"VariableDeclaration","scope":22,"src":"285:4:0","stateVariable":false,"storageLocation":"default","typeDescriptions":{"typeIdentifier":"t_bool","typeString":"bool"},"typeName":{"id":19,"name":"bool","nodeType":"ElementaryTypeName","src":"285:4:0","typeDescriptions":{"typeIdentifier":"t_bool","typeString":"bool"}},"visibility":"internal"}],"src":"284:6:0"},"scope":83,"src":"214:77:0","stateMutability":"nonpayable","virtual":false,"visibility":"external"},{"functionSelector":"dd62ed3e","id":31,"implemented":false,"kind":"function","modifiers":[],"name":"allowance","nameLocation":"305:9:0","nodeType":"FunctionDefinition","parameters":{"id":27,"nodeType":"ParameterList","parameters":[{"constant":false,"id":24,"mutability":"mutable","name":"owner","nameLocation":"323:5:0","nodeType":"VariableDeclaration","scope":31,"src":"315:13:0","stateVariable":false,"storageLocation":"default","typeDescriptions":{"typeIdentifier":"t_address","typeString":"address"},"typeName":{"id":23,"name":"address","nodeType":"ElementaryTypeName","src":"315:7:0","stateMutability":"nonpayable","typeDescriptions":{"typeIdentifier":"t_address","typeString":"address"}},"visibility":"internal"},{"constant":false,"id":26,"mutability":"mutable","name":"spender","nameLocation":"338:7:0","nodeType":"VariableDeclaration","scope":31,"src":"330:15:0","stateVariable":false,"storageLocation":"default","typeDescriptions":{"typeIdentifier":"t_address","typeString":"address"},"typeName":{"id":25,"name":"address","nodeType":"ElementaryTypeName","src":"330:7:0","stateMutability":"nonpayable","typeDescriptions":{"typeIdentifier":"t_address","typeString":"address"}},"visibility":"internal"}],"src":"314:32:0"},"returnParameters":{"id":30,"nodeType":"ParameterList","parameters":[{"constant":false,"id":29,"mutability":"mutable","name":"","nameLocation":"-1:-1:-1","nodeType":"VariableDeclaration","scope":31,"src":"370:7:0","stateVariable":false,"storageLocation":"default","typeDescriptions":{"typeIdentifier":"t_uint256","typeString":"uint256"},"typeName":{"id":28,"name":"uint256","nodeType":"ElementaryTypeName","src":"370:7:0","typeDescriptions":{"typeIdentifier":"t_uint256","typeString":"uint256"}},"visibility":"internal"}],"src":"369:9:0"},"scope":83,"src":"296:83:0","stateMutability":"view","virtual":false,"visibility":"external"},{"functionSelector":"095ea7b3","id":40,"implemented":false,"kind":"function","modifiers":[],"name":"approve","nameLocation":"393:7:0","nodeType":"FunctionDefinition","parameters":{"id":36,"nodeType":"ParameterList","parameters":[{"constant":false,"id":33,"mutability":"mutable","name":"spender","nameLocation":"409:7:0","nodeType":"VariableDeclaration","scope":40,"src":"401:15:0","stateVariable":false,"storageLocation":"default","typeDescriptions":{"typeIdentifier":"t_address","typeString":"address"},"typeName":{"id":32,"name":"address","nodeType":"ElementaryTypeName","src":"401:7:0","stateMutability":"nonpayable","typeDescriptions":{"typeIdentifier":"t_address","typeString":"address"}},"visibility":"internal"},{"constant":false,"id":35,"mutability":"mutable","name":"amount","nameLocation":"426:6:0","nodeType":"VariableDeclaration","scope":40,"src":"418:14:0","stateVariable":false,"storageLocation":"default","typeDescriptions":{"typeIdentifier":"t_uint256","typeString":"uint256"},"typeName":{"id":34,"name":"uint256","nodeType":"ElementaryTypeName","src":"418:7:0","typeDescriptions":{"typeIdentifier":"t_uint256","typeString":"uint256"}},"visibility":"internal"}],"src":"400:33:0"},"returnParameters":{"id":39,"nodeType":"ParameterList","parameters":[{"constant":false,"id":38,"mutability":"mutable","name":"","nameLocation":"-1:-1:-1","nodeType":"VariableDeclaration","scope":40,"src":"452:4:0","stateVariable":false,"storageLocation":"default","typeDescriptions":{"typeIdentifier":"t_bool","typeString":"bool"},"typeName":{"id":37,"name":"bool","nodeType":"ElementaryTypeName","src":"452:4:0","typeDescriptions":{"typeIdentifier":"t_bool","typeString":"bool"}},"visibility":"internal"}],"src":"451:6:0"},"scope":83,"src":"384:74:0","stateMutability":"nonpayable","virtual":false,"visibility":"external"},{"functionSelector":"23b872dd","id":51,"implemented":false,"kind":"function","modifiers":[],"name":"transferFrom","nameLocation":"472:12:0","nodeType":"FunctionDefinition","parameters":{"id":47,"nodeType":"ParameterList","parameters":[{"constant":false,"id":42,"mutability":"mutable","name":"sender","nameLocation":"493:6:0","nodeType":"VariableDeclaration","scope":51,"src":"485:14:0","stateVariable":false,"storageLocation":"default","typeDescriptions":{"typeIdentifier":"t_address","typeString":"address"},"typeName":{"id":41,"name":"address","nodeType":"ElementaryTypeName","src":"485:7:0","stateMutability":"nonpayable","typeDescriptions":{"typeIdentifier":"t_address","typeString":"address"}},"visibility":"internal"},{"constant":false,"id":44,"mutability":"mutable","name":"recipient","nameLocation":"509:9:0","nodeType":"VariableDeclaration","scope":51,"src":"501:17:0","stateVariable":false,"storageLocation":"default","typeDescriptions":{"typeIdentifier":"t_address","typeString":"address"},"typeName":{"id":43,"name":"address","nodeType":"ElementaryTypeName","src":"501:7:0","stateMutability":"nonpayable","typeDescriptions":{"typeIdentifier":"t_address","typeString":"address"}},"visibility":"internal"},{"constant":false,"id":46,"mutability":"mutable","name":"amount","nameLocation":"528:6:0","nodeType":"VariableDeclaration","scope":51,"src":"520:14:0","stateVariable":false,"storageLocation":"default","typeDescriptions":{"typeIdentifier":"t_uint256","typeString":"uint256"},"typeName":{"id":45,"name":"uint256","nodeType":"ElementaryTypeName","src":"520:7:0","typeDescriptions":{"typeIdentifier":"t_uint256","typeString":"uint256"}},"visibility":"internal"}],"src":"484:51:0"},"returnParameters":{"id":50,"nodeType":"ParameterList","parameters":[{"constant":false,"id":49,"mutability":"mutable","name":"","nameLocation":"-1:-1:-1","nodeType":"VariableDeclaration","scope":51,"src":"554:4:0","stateVariable":false,"storageLocation":"default","typeDescriptions":{"typeIdentifier":"t_bool","typeString":"bool"},"typeName":{"id":48,"name":"bool","nodeType":"ElementaryTypeName","src":"554:4:0","typeDescriptions":{"typeIdentifier":"t_bool","typeString":"bool"}},"visibility":"internal"}],"src":"553:6:0"},"scope":83,"src":"463:97:0","stateMutability":"nonpayable","virtual":false,"visibility":"external"},{"anonymous":false,"eventSelector":"ddf252ad1be2c89b69c2b068fc378daa952ba7f163c4a11628f55a4df523b3ef","id":59,"name":"Transfer","nameLocation":"572:8:0","nodeType":"EventDefinition","parameters":{"id":58,"nodeType":"ParameterList","parameters":[{"constant":false,"id":53,"indexed":true,"mutability":"mutable","name":"from","nameLocation":"597:4:0","nodeType":"VariableDeclaration","scope":59,"src":"581:20:0","stateVariable":false,"storageLocation":"default","typeDescriptions":{"typeIdentifier":"t_address","typeString":"address"},"typeName":{"id":52,"name":"address","nodeType":"ElementaryTypeName","src":"581:7:0","stateMutability":"nonpayable","typeDescriptions":{"typeIdentifier":"t_address","typeString":"address"}},"visibility":"internal"},{"constant":false,"id":55,"indexed":true,"mutability":"mutable","name":"to","nameLocation":"619:2:0","nodeType":"VariableDeclaration","scope":59,"src":"603:18:0","stateVariable":false,"storageLocation":"default","typeDescriptions":{"typeIdentifier":"t_address","typeString":"address"},"typeName":{"id":54,"name":"address","nodeType":"ElementaryTypeName","src":"603:7:0","stateMutability":"nonpayable","typeDescriptions":{"typeIdentifier":"t_address","typeString":"address"}},"visibility":"internal"},{"constant":false,"id":57,"indexed":false,"mutability":"mutable","name":"value","nameLocation":"631:5:0","nodeType":"VariableDeclaration","scope":59,"src":"623:13:0","stateVariable":false,"storageLocation":"default","typeDescriptions":{"typeIdentifier":"t_uint256","typeString":"uint256"},"typeName":{"id":56,"name":"uint256","nodeType":"ElementaryTypeName","src":"623:7:0","typeDescriptions":{"typeIdentifier":"t_uint256","typeString":"uint256"}},"visibility":"internal"}],"src":"580:57:0"},"src":"566:72:0"},{"anonymous":false,"eventSelector":"8c5be1e5ebec7d5bd14f71427d1e84f3dd0314c0f7b2291e5b200ac8c7c3b925","id":67,"name":"Approval","nameLocation":"649:8:0","nodeType":"EventDefinition","parameters":{"id":66,"nodeType":"ParameterList","parameters":[{"constant":false,"id":61,"indexed":true,"mutability":"mutable","name":"owner","nameLocation":"674:5:0","nodeType":"VariableDeclaration","scope":67,"src":"658:21:0","stateVariable":false,"storageLocation":"default","typeDescriptions":{"typeIdentifier":"t_address","typeString":"address"},"typeName":{"id":60,"name":"address","nodeType":"ElementaryTypeName","src":"658:7:0","stateMutability":"nonpayable","typeDescriptions":{"typeIdentifier":"t_address","typeString":"address"}},"visibility":"internal"},{"constant":false,"id":63,"indexed":true,"mutability":"mutable","name":"spender","nameLocation":"697:7:0","nodeType":"VariableDeclaration","scope":67,"src":"681:23:0","stateVariable":false,"storageLocation":"default","typeDescriptions":{"typeIdentifier":"t_address","typeString":"address"},"typeName":{"id":62,"name":"address","nodeType":"ElementaryTypeName","src":"681:7:0","stateMutability":"nonpayable","typeDescriptions":{"typeIdentifier":"t_address","typeString":"address"}},"visibility":"internal"},{"constant":false,"id":65,"indexed":false,"mutability":"mutable","name":"value","nameLocation":"714:5:0","nodeType":"VariableDeclaration","scope":67,"src":"706:13:0","stateVariable":false,"storageLocation":"default","typeDescriptions":{"typeIdentifier":"t_uint256","typeString":"uint256"},"typeName":{"id":64,"name":"uint256","nodeType":"ElementaryTypeName","src":"706:7:0","typeDescriptions":{"typeIdentifier":"t_uint256","typeString":"uint256"}},"visibility":"internal"}],"src":"657:63:0"},"src":"643:78:0"},{"functionSelector":"06fdde03","id":72,"implemented":false,"kind":"function","modifiers":[],"name":"name","nameLocation":"735:4:0","nodeType":"FunctionDefinition","parameters":{"id":68,"nodeType":"ParameterList","parameters":[],"src":"739:2:0"},"returnParameters":{"id":71,"nodeType":"ParameterList","parameters":[{"constant":false,"id":70,"mutability":"mutable","name":"","nameLocation":"-1:-1:-1","nodeType":"VariableDeclaration","scope":72,"src":"765:13:0","stateVariable":false,"storageLocation":"memory","typeDescriptions":{"typeIdentifier":"t_string_memory_ptr","typeString":"string"},"typeName":{"id":69,"name":"string","nodeType":"ElementaryTypeName","src":"765:6:0","typeDescriptions":{"typeIdentifier":"t_string_storage_ptr","typeString":"string"}},"visibility":"internal"}],"src":"764:15:0"},"scope":83,"src":"726:54:0","stateMutability":"view","virtual":false,"visibility":"external"},{"functionSelector":"95d89b41","id":77,"implemented":false,"kind":"function","modifiers":[],"name":"symbol","nameLocation":"794:6:0","nodeType":"FunctionDefinition","parameters":{"id":73,"nodeType":"ParameterList","parameters":[],"src":"800:2:0"},"returnParameters":{"id":76,"nodeType":"ParameterList","parameters":[{"constant":false,"id":75,"mutability":"mutable","name":"","nameLocation":"-1:-1:-1","nodeType":"VariableDeclaration","scope":77,"src":"826:13:0","stateVariable":false,"storageLocation":"memory","typeDescriptions":{"typeIdentifier":"t_string_memory_ptr","typeString":"string"},"typeName":{"id":74,"name":"string","nodeType":"ElementaryTypeName","src":"826:6:0","typeDescriptions":{"typeIdentifier":"t_string_storage_ptr","typeString":"string"}},"visibility":"internal"}],"src":"825:15:0"},"scope":83,"src":"785:56:0","stateMutability":"view","virtual":false,"visibility":"external"},{"functionSelector":"313ce567","id":82,"implemented":false,"kind":"function","modifiers":[],"name":"decimals","nameLocation":"855:8:0","nodeType":"FunctionDefinition","parameters":{"id":78,"nodeType":"ParameterList","parameters":[],"src":"863:2:0"},"returnParameters":{"id":81,"nodeType":"ParameterList","parameters":[{"constant":false,"id":80,"mutability":"mutable","name":"","nameLocation":"-1:-1:-1","nodeType":"VariableDeclaration","scope":82,"src":"889:5:0","stateVariable":false,"storageLocation":"default","typeDescriptions":{"typeIdentifier":"t_uint8","typeString":"uint8"},"typeName":{"id":79,"name":"uint8","nodeType":"ElementaryTypeName","src":"889:5:0","typeDescriptions":{"typeIdentifier":"t_uint8","typeString":"uint8"}},"visibility":"internal"}],"src":"888:7:0"},"scope":83,"src":"846:50:0","stateMutability":"view","virtual":false,"visibility":"external"}],"scope":84,"src":"58:840:0","usedErrors":[],"usedEvents":[59,67]}],"src":"32:867:0"},"id":0},"contracts/interfaces/IPollenDAO.sol":{"ast":{"absolutePath":"contracts/interfaces/IPollenDAO.sol","exportedSymbols":{"IPollenDAO":[180]},"id":181,"license":"MIT","nodeType":"SourceUnit","nodes":[{"id":85,"literals":["solidity","^","0.8",".24"],"nodeType":"PragmaDirective","src":"32:24:1"},{"abstract":false,"baseContracts":[],"canonicalName":"IPollenDAO","contractDependencies":[],"contractKind":"interface","fullyImplemented":false,"id":180,"linearizedBaseContracts":[180],"name":"IPollenDAO","nameLocation":"68:10:1","nodeType":"ContractDefinition","nodes":[{"anonymous":false,"eventSelector":"7d84a6263ae0d98d3329bd7b46bb4e8d6f98cd35a7adb45c274c8b7fd5ebd5e0","id":109,"name":"ProposalCreated","nameLocation":"91:15:1","nodeType":"EventDefinition","parameters":{"id":108,"nodeType":"ParameterList","parameters":[{"constant":false,"id":87,"indexed":true,"mutability":"mutable","name":"proposalId","nameLocation":"132:10:1","nodeType":"VariableDeclaration","scope":109,"src":"116:26:1","stateVariable":false,"storageLocation":"default","typeDescriptions":{"typeIdentifier":"t_uint256","typeString":"uint256"},"typeName":{"id":86,"name":"uint256","nodeType":"ElementaryTypeName","src":"116:7:1","typeDescriptions":{"typeIdentifier":"t_uint256","typeString":"uint256"}},"visibility":"internal"},{"constant":false,"id":89,"indexed":true,"mutability":"mutable","name":"proposer","nameLocation":"168:8:1","nodeType":"VariableDeclaration","scope":109,"src":"152:24:1","stateVariable":false,"storageLocation":"default","typeDescriptions":{"typeIdentifier":"t_address","typeString":"address"},"typeName":{"id":88,"name":"address","nodeType":"ElementaryTypeName","src":"152:7:1","stateMutability":"nonpayable","typeDescriptions":{"typeIdentifier":"t_address","typeString":"address"}},"visibility":"internal"},{"constant":false,"id":92,"indexed":false,"mutability":"mutable","name":"targets","nameLocation":"196:7:1","nodeType":"VariableDeclaration","scope":109,"src":"186:17:1","stateVariable":false,"storageLocation":"default","typeDescriptions":{"typeIdentifier":"t_array$_t_address_$dyn_memory_ptr","typeString":"address[]"},"typeName":{"baseType":{"id":90,"name":"address","nodeType":"ElementaryTypeName","src":"186:7:1","stateMutability":"nonpayable","typeDescriptions":{"typeIdentifier":"t_address","typeString":"address"}},"id":91,"nodeType":"ArrayTypeName","src":"186:9:1","typeDescriptions":{"typeIdentifier":"t_array$_t_address_$dyn_storage_ptr","typeString":"address[]"}},"visibility":"internal"},{"constant":false,"id":95,"indexed":false,"mutability":"mutable","name":"values","nameLocation":"223:6:1","nodeType":"VariableDeclaration","scope":109,"src":"213:16:1","stateVariable":false,"storageLocation":"default","typeDescriptions":{"typeIdentifier":"t_array$_t_uint256_$dyn_memory_ptr","typeString":"uint256[]"},"typeName":{"baseType":{"id":93,"name":"uint256","nodeType":"ElementaryTypeName","src":"213:7:1","typeDescriptions":{"typeIdentifier":"t_uint256","typeString":"uint256"}},"id":94,"nodeType":"ArrayTypeName","src":"213:9:1","typeDescriptions":{"typeIdentifier":"t_array$_t_uint256_$dyn_storage_ptr","typeString":"uint256[]"}},"visibility":"internal"},{"constant":false,"id":98,"indexed":false,"mutability":"mutable","name":"signatures","nameLocation":"248:10:1","nodeType":"VariableDeclaration","scope":109,"src":"239:19:1","stateVariable":false,"storageLocation":"default","typeDescriptions":{"typeIdentifier":"t_array$_t_string_memory_ptr_$dyn_memory_ptr","typeString":"string[]"},"typeName":{"baseType":{"id":96,"name":"string","nodeType":"ElementaryTypeName","src":"239:6:1","typeDescriptions":{"typeIdentifier":"t_string_storage_ptr","typeString":"string"}},"id":97,"nodeType":"ArrayTypeName","src":"239:8:1","typeDescriptions":{"typeIdentifier":"t_array$_t_string_storage_$dyn_storage_ptr","typeString":"string[]"}},"visibility":"internal"},{"constant":false,"id":101,"indexed":false,"mutability":"mutable","name":"calldatas","nameLocation":"276:9:1","nodeType":"VariableDeclaration","scope":109,"src":"268:17:1","stateVariable":false,"storageLocation":"default","typeDescriptions":{"typeIdentifier":"t_array$_t_bytes_memory_ptr_$dyn_memory_ptr","typeString":"bytes[]"},"typeName":{"baseType":{"id":99,"name":"bytes","nodeType":"ElementaryTypeName","src":"268:5:1","typeDescriptions":{"typeIdentifier":"t_bytes_storage_ptr","typeString":"bytes"}},"id":100,"nodeType":"ArrayTypeName","src":"268:7:1","typeDescriptions":{"typeIdentifier":"t_array$_t_bytes_storage_$dyn_storage_ptr","typeString":"bytes[]"}},"visibility":"internal"},{"constant":false,"id":103,"indexed":false,"mutability":"mutable","name":"startBlock","nameLocation":"303:10:1","nodeType":"VariableDeclaration","scope":109,"src":"295:18:1","stateVariable":false,"storageLocation":"default","typeDescriptions":{"typeIdentifier":"t_uint256","typeString":"uint256"},"typeName":{"id":102,"name":"uint256","nodeType":"ElementaryTypeName","src":"295:7:1","typeDescriptions":{"typeIdentifier":"t_uint256","typeString":"uint256"}},"visibility":"internal"},{"constant":false,"id":105,"indexed":false,"mutability":"mutable","name":"endBlock","nameLocation":"331:8:1","nodeType":"VariableDeclaration","scope":109,"src":"323:16:1","stateVariable":false,"storageLocation":"default","typeDescriptions":{"typeIdentifier":"t_uint256","typeString":"uint256"},"typeName":{"id":104,"name":"uint256","nodeType":"ElementaryTypeName","src":"323:7:1","typeDescriptions":{"typeIdentifier":"t_uint256","typeString":"uint256"}},"visibility":"internal"},{"constant":false,"id":107,"indexed":false,"mutability":"mutable","name":"description","nameLocation":"356:11:1","nodeType":"VariableDeclaration","scope":109,"src":"349:18:1","stateVariable":false,"storageLocation":"default","typeDescriptions":{"typeIdentifier":"t_string_memory_ptr","typeString":"string"},"typeName":{"id":106,"name":"string","nodeType":"ElementaryTypeName","src":"349:6:1","typeDescriptions":{"typeIdentifier":"t_string_storage_ptr","typeString":"string"}},"visibility":"internal"}],"src":"106:267:1"},"src":"85:289:1"},{"anonymous":false,"eventSelector":"712ae1383f79ac853f8d882153778e0260ef8f03b504e2866e0593e04d2b291f","id":113,"name":"ProposalExecuted","nameLocation":"385:16:1","nodeType":"EventDefinition","parameters":{"id":112,"nodeType":"ParameterList","parameters":[{"constant":false,"id":111,"indexed":true,"mutability":"mutable","name":"proposalId","nameLocation":"418:10:1","nodeType":"VariableDeclaration","scope":113,"src":"402:26:1","stateVariable":false,"storageLocation":"default","typeDescriptions":{"typeIdentifier":"t_uint256","typeString":"uint256"},"typeName":{"id":110,"name":"uint256","nodeType":"ElementaryTypeName","src":"402:7:1","typeDescriptions":{"typeIdentifier":"t_uint256","typeString":"uint256"}},"visibility":"internal"}],"src":"401:28:1"},"src":"379:51:1"},{"anonymous":false,"eventSelector":"2c9deb38f462962eadbd85a9d3a4120503ee091f1582eaaa10aa8c6797651d29","id":123,"name":"VoteCast","nameLocation":"441:8:1","nodeType":"EventDefinition","parameters":{"id":122,"nodeType":"ParameterList","parameters":[{"constant":false,"id":115,"indexed":true,"mutability":"mutable","name":"voter","nameLocation":"466:5:1","nodeType":"VariableDeclaration","scope":123,"src":"450:21:1","stateVariable":false,"storageLocation":"default","typeDescriptions":{"typeIdentifier":"t_address","typeString":"address"},"typeName":{"id":114,"name":"address","nodeType":"ElementaryTypeName","src":"450:7:1","stateMutability":"nonpayable","typeDescriptions":{"typeIdentifier":"t_address","typeString":"address"}},"visibility":"internal"},{"constant":false,"id":117,"indexed":true,"mutability":"mutable","name":"proposalId","nameLocation":"489:10:1","nodeType":"VariableDeclaration","scope":123,"src":"473:26:1","stateVariable":false,"storageLocation":"default","typeDescriptions":{"typeIdentifier":"t_uint256","typeString":"uint256"},"typeName":{"id":116,"name":"uint256","nodeType":"ElementaryTypeName","src":"473:7:1","typeDescriptions":{"typeIdentifier":"t_uint256","typeString":"uint256"}},"visibility":"internal"},{"constant":false,"id":119,"indexed":false,"mutability":"mutable","name":"support","nameLocation":"507:7:1","nodeType":"VariableDeclaration","scope":123,"src":"501:13:1","stateVariable":false,"storageLocation":"default","typeDescriptions":{"typeIdentifier":"t_uint8","typeString":"uint8"},"typeName":{"id":118,"name":"uint8","nodeType":"ElementaryTypeName","src":"501:5:1","typeDescriptions":{"typeIdentifier":"t_uint8","typeString":"uint8"}},"visibility":"internal"},{"constant":false,"id":121,"indexed":false,"mutability":"mutable","name":"weight","nameLocation":"524:6:1","nodeType":"VariableDeclaration","scope":123,"src":"516:14:1","stateVariable":false,"storageLocation":"default","typeDescriptions":{"typeIdentifier":"t_uint256","typeString":"uint256"},"typeName":{"id":120,"name":"uint256","nodeType":"ElementaryTypeName","src":"516:7:1","typeDescriptions":{"typeIdentifier":"t_uint256","typeString":"uint256"}},"visibility":"internal"}],"src":"449:82:1"},"src":"435:97:1"},{"functionSelector":"02a251a3","id":128,"implemented":false,"kind":"function","modifiers":[],"name":"votingPeriod","nameLocation":"547:12:1","nodeType":"FunctionDefinition","parameters":{"id":124,"nodeType":"ParameterList","parameters":[],"src":"559:2:1"},"returnParameters":{"id":127,"nodeType":"ParameterList","parameters":[{"constant":false,"id":126,"mutability":"mutable","name":"","nameLocation":"-1:-1:-1","nodeType":"VariableDeclaration","scope":128,"src":"585:7:1","stateVariable":false,"storageLocation":"default","typeDescriptions":{"typeIdentifier":"t_uint256","typeString":"uint256"},"typeName":{"id":125,"name":"uint256","nodeType":"ElementaryTypeName","src":"585:7:1","typeDescriptions":{"typeIdentifier":"t_uint256","typeString":"uint256"}},"visibility":"internal"}],"src":"584:9:1"},"scope":180,"src":"538:56:1","stateMutability":"view","virtual":false,"visibility":"external"},{"functionSelector":"1703a018","id":133,"implemented":false,"kind":"function","modifiers":[],"name":"quorum","nameLocation":"608:6:1","nodeType":"FunctionDefinition","parameters":{"id":129,"nodeType":"ParameterList","parameters":[],"src":"614:2:1"},"returnParameters":{"id":132,"nodeType":"ParameterList","parameters":[{"constant":false,"id":131,"mutability":"mutable","name":"","nameLocation":"-1:-1:-1","nodeType":"VariableDeclaration","scope":133,"src":"640:7:1","stateVariable":false,"storageLocation":"default","typeDescriptions":{"typeIdentifier":"t_uint256","typeString":"uint256"},"typeName":{"id":130,"name":"uint256","nodeType":"ElementaryTypeName","src":"640:7:1","typeDescriptions":{"typeIdentifier":"t_uint256","typeString":"uint256"}},"visibility":"internal"}],"src":"639:9:1"},"scope":180,"src":"599:50:1","stateMutability":"view","virtual":false,"visibility":"external"},{"functionSelector":"b58131b0","id":138,"implemented":false,"kind":"function","modifiers":[],"name":"proposalThreshold","nameLocation":"663:17:1","nodeType":"FunctionDefinition","parameters":{"id":134,"nodeType":"ParameterList","parameters":[],"src":"680:2:1"},"returnParameters":{"id":137,"nodeType":"ParameterList","parameters":[{"constant":false,"id":136,"mutability":"mutable","name":"","nameLocation":"-1:-1:-1","nodeType":"VariableDeclaration","scope":138,"src":"706:7:1","stateVariable":false,"storageLocation":"default","typeDescriptions":{"typeIdentifier":"t_uint256","typeString":"uint256"},"typeName":{"id":135,"name":"uint256","nodeType":"ElementaryTypeName","src":"706:7:1","typeDescriptions":{"typeIdentifier":"t_uint256","typeString":"uint256"}},"visibility":"internal"}],"src":"705:9:1"},"scope":180,"src":"654:61:1","stateMutability":"view","virtual":false,"visibility":"external"},{"functionSelector":"da35c664","id":143,"implemented":false,"kind":"function","modifiers":[],"name":"proposalCount","nameLocation":"729:13:1","nodeType":"FunctionDefinition","parameters":{"id":139,"nodeType":"ParameterList","parameters":[],"src":"742:2:1"},"returnParameters":{"id":142,"nodeType":"ParameterList","parameters":[{"constant":false,"id":141,"mutability":"mutable","name":"","nameLocation":"-1:-1:-1","nodeType":"VariableDeclaration","scope":143,"src":"768:7:1","stateVariable":false,"storageLocation":"default","typeDescriptions":{"typeIdentifier":"t_uint256","typeString":"uint256"},"typeName":{"id":140,"name":"uint256","nodeType":"ElementaryTypeName","src":"768:7:1","typeDescriptions":{"typeIdentifier":"t_uint256","typeString":"uint256"}},"visibility":"internal"}],"src":"767:9:1"},"scope":180,"src":"720:57:1","stateMutability":"view","virtual":false,"visibility":"external"},{"functionSelector":"c7f758a8","id":160,"implemented":false,"kind":"function","modifiers":[],"name":"getProposal","nameLocation":"791:11:1","nodeType":"FunctionDefinition","parameters":{"id":146,"nodeType":"ParameterList","parameters":[{"constant":false,"id":145,"mutability":"mutable","name":"proposalId","nameLocation":"811:10:1","nodeType":"VariableDeclaration","scope":160,"src":"803:18:1","stateVariable":false,"storageLocation":"default","typeDescriptions":{"typeIdentifier":"t_uint256","typeString":"uint256"},"typeName":{"id":144,"name":"uint256","nodeType":"ElementaryTypeName","src":"803:7:1","typeDescriptions":{"typeIdentifier":"t_uint256","typeString":"uint256"}},"visibility":"internal"}],"src":"802:20:1"},"returnParameters":{"id":159,"nodeType":"ParameterList","parameters":[{"constant":false,"id":148,"mutability":"mutable","name":"proposer","nameLocation":"863:8:1","nodeType":"VariableDeclaration","scope":160,"src":"855:16:1","stateVariable":false,"storageLocation":"default","typeDescriptions":{"typeIdentifier":"t_address","typeString":"address"},"typeName":{"id":147,"name":"address","nodeType":"ElementaryTypeName","src":"855:7:1","stateMutability":"nonpayable","typeDescriptions":{"typeIdentifier":"t_address","typeString":"address"}},"visibility":"internal"},{"constant":false,"id":150,"mutability":"mutable","name":"startBlock","nameLocation":"889:10:1","nodeType":"VariableDeclaration","scope":160,"src":"881:18:1","stateVariable":false,"storageLocation":"default","typeDescriptions":{"typeIdentifier":"t_uint256","typeString":"uint256"},"typeName":{"id":149,"name":"uint256","nodeType":"ElementaryTypeName","src":"881:7:1","typeDescriptions":{"typeIdentifier":"t_uint256","typeString":"uint256"}},"visibility":"internal"},{"constant":false,"id":152,"mutability":"mutable","name":"endBlock","nameLocation":"917:8:1","nodeType":"VariableDeclaration","scope":160,"src":"909:16:1","stateVariable":false,"storageLocation":"default","typeDescriptions":{"typeIdentifier":"t_uint256","typeString":"uint256"},"typeName":{"id":151,"name":"uint256","nodeType":"ElementaryTypeName","src":"909:7:1","typeDescriptions":{"typeIdentifier":"t_uint256","typeString":"uint256"}},"visibility":"internal"},{"constant":false,"id":154,"mutability":"mutable","name":"forVotes","nameLocation":"943:8:1","nodeType":"VariableDeclaration","scope":160,"src":"935:16:1","stateVariable":false,"storageLocation":"default","typeDescriptions":{"typeIdentifier":"t_uint256","typeString":"uint256"},"typeName":{"id":153,"name":"uint256","nodeType":"ElementaryTypeName","src":"935:7:1","typeDescriptions":{"typeIdentifier":"t_uint256","typeString":"uint256"}},"visibility":"internal"},{"constant":false,"id":156,"mutability":"mutable","name":"againstVotes","nameLocation":"969:12:1","nodeType":"VariableDeclaration","scope":160,"src":"961:20:1","stateVariable":false,"storageLocation":"default","typeDescriptions":{"typeIdentifier":"t_uint256","typeString":"uint256"},"typeName":{"id":155,"name":"uint256","nodeType":"ElementaryTypeName","src":"961:7:1","typeDescriptions":{"typeIdentifier":"t_uint256","typeString":"uint256"}},"visibility":"internal"},{"constant":false,"id":158,"mutability":"mutable","name":"executed","nameLocation":"996:8:1","nodeType":"VariableDeclaration","scope":160,"src":"991:13:1","stateVariable":false,"storageLocation":"default","typeDescriptions":{"typeIdentifier":"t_bool","typeString":"bool"},"typeName":{"id":157,"name":"bool","nodeType":"ElementaryTypeName","src":"991:4:1","typeDescriptions":{"typeIdentifier":"t_bool","typeString":"bool"}},"visibility":"internal"}],"src":"845:165:1"},"scope":180,"src":"782:229:1","stateMutability":"view","virtual":false,"visibility":"external"},{"functionSelector":"3e4f49e6","id":167,"implemented":false,"kind":"function","modifiers":[],"name":"state","nameLocation":"1025:5:1","nodeType":"FunctionDefinition","parameters":{"id":163,"nodeType":"ParameterList","parameters":[{"constant":false,"id":162,"mutability":"mutable","name":"proposalId","nameLocation":"1039:10:1","nodeType":"VariableDeclaration","scope":167,"src":"1031:18:1","stateVariable":false,"storageLocation":"default","typeDescriptions":{"typeIdentifier":"t_uint256","typeString":"uint256"},"typeName":{"id":161,"name":"uint256","nodeType":"ElementaryTypeName","src":"1031:7:1","typeDescriptions":{"typeIdentifier":"t_uint256","typeString":"uint256"}},"visibility":"internal"}],"src":"1030:20:1"},"returnParameters":{"id":166,"nodeType":"ParameterList","parameters":[{"constant":false,"id":165,"mutability":"mutable","name":"","nameLocation":"-1:-1:-1","nodeType":"VariableDeclaration","scope":167,"src":"1074:5:1","stateVariable":false,"storageLocation":"default","typeDescriptions":{"typeIdentifier":"t_uint8","typeString":"uint8"},"typeName":{"id":164,"name":"uint8","nodeType":"ElementaryTypeName","src":"1074:5:1","typeDescriptions":{"typeIdentifier":"t_uint8","typeString":"uint8"}},"visibility":"internal"}],"src":"1073:7:1"},"scope":180,"src":"1016:65:1","stateMutability":"view","virtual":false,"visibility":"external"},{"functionSelector":"56781388","id":174,"implemented":false,"kind":"function","modifiers":[],"name":"castVote","nameLocation":"1095:8:1","nodeType":"FunctionDefinition","parameters":{"id":172,"nodeType":"ParameterList","parameters":[{"constant":false,"id":169,"mutability":"mutable","name":"proposalId","nameLocation":"1112:10:1","nodeType":"VariableDeclaration","scope":174,"src":"1104:18:1","stateVariable":false,"storageLocation":"default","typeDescriptions":{"typeIdentifier":"t_uint256","typeString":"uint256"},"typeName":{"id":168,"name":"uint256","nodeType":"ElementaryTypeName","src":"1104:7:1","typeDescriptions":{"typeIdentifier":"t_uint256","typeString":"uint256"}},"visibility":"internal"},{"constant":false,"id":171,"mutability":"mutable","name":"support","nameLocation":"1130:7:1","nodeType":"VariableDeclaration","scope":174,"src":"1124:13:1","stateVariable":false,"storageLocation":"default","typeDescriptions":{"typeIdentifier":"t_uint8","typeString":"uint8"},"typeName":{"id":170,"name":"uint8","nodeType":"ElementaryTypeName","src":"1124:5:1","typeDescriptions":{"typeIdentifier":"t_uint8","typeString":"uint8"}},"visibility":"internal"}],"src":"1103:35:1"},"returnParameters":{"id":173,"nodeType":"ParameterList","parameters":[],"src":"1147:0:1"},"scope":180,"src":"1086:62:1","stateMutability":"nonpayable","virtual":false,"visibility":"external"},{"functionSelector":"fe0d94c1","id":179,"implemented":false,"kind":"function","modifiers":[],"name":"execute","nameLocation":"1162:7:1","nodeType":"FunctionDefinition","parameters":{"id":177,"nodeType":"ParameterList","parameters":[{"constant":false,"id":176,"mutability":"mutable","name":"proposalId","nameLocation":"1178:10:1","nodeType":"VariableDeclaration","scope":179,"src":"1170:18:1","stateVariable":false,"storageLocation":"default","typeDescriptions":{"typeIdentifier":"t_uint256","typeString":"uint256"},"typeName":{"id":175,"name":"uint256","nodeType":"ElementaryTypeName","src":"1170:7:1","typeDescriptions":{"typeIdentifier":"t_uint256","typeString":"uint256"}},"visibility":"internal"}],"src":"1169:20:1"},"returnParameters":{"id":178,"nodeType":"ParameterList","parameters":[],"src":"1198:0:1"},"scope":180,"src":"1153:46:1","stateMutability":"nonpayable","virtual":false,"visibility":"external"}],"scope":181,"src":"58:1143:1","usedErrors":[],"usedEvents":[109,113,123]}],"src":"32:1170:1"},"id":1},"contracts/interfaces/IProxyStorage.sol":{"ast":{"absolutePath":"contracts/interfaces/IProxyStorage.sol","exportedSymbols":{"IProxyStorage":[220]},"id":221,"license":"MIT","nodeType":"SourceUnit","nodes":[{"id":182,"literals":["solidity","^","0.8",".24"],"nodeType":"PragmaDirective","src":"32:24:2"},{"abstract":false,"baseContracts":[],"canonicalName":"IProxyStorage","contractDependencies":[],"contractKind":"interface","fullyImplemented":false,"id":220,"linearizedBaseContracts":[220],"name":"IProxyStorage","nameLocation":"68:13:2","nodeType":"ContractDefinition","nodes":[{"anonymous":false,"eventSelector":"bc7cd75a20ee27fd9adebab32041f755214dbc6bffa90cc0225b39da2e5c2d3b","id":186,"name":"Upgraded","nameLocation":"94:8:2","nodeType":"EventDefinition","parameters":{"id":185,"nodeType":"ParameterList","parameters":[{"constant":false,"id":184,"indexed":true,"mutability":"mutable","name":"implementation","nameLocation":"119:14:2","nodeType":"VariableDeclaration","scope":186,"src":"103:30:2","stateVariable":false,"storageLocation":"default","typeDescriptions":{"typeIdentifier":"t_address","typeString":"address"},"typeName":{"id":183,"name":"address","nodeType":"ElementaryTypeName","src":"103:7:2","stateMutability":"nonpayable","typeDescriptions":{"typeIdentifier":"t_address","typeString":"address"}},"visibility":"internal"}],"src":"102:32:2"},"src":"88:47:2"},{"anonymous":false,"eventSelector":"7e644d79422f17c01e4894b5f4f588d331ebfa28653d42ae832dc59e38c9798f","id":192,"name":"AdminChanged","nameLocation":"146:12:2","nodeType":"EventDefinition","parameters":{"id":191,"nodeType":"ParameterList","parameters":[{"constant":false,"id":188,"indexed":true,"mutability":"mutable","name":"previousAdmin","nameLocation":"175:13:2","nodeType":"VariableDeclaration","scope":192,"src":"159:29:2","stateVariable":false,"storageLocation":"default","typeDescriptions":{"typeIdentifier":"t_address","typeString":"address"},"typeName":{"id":187,"name":"address","nodeType":"ElementaryTypeName","src":"159:7:2","stateMutability":"nonpayable","typeDescriptions":{"typeIdentifier":"t_address","typeString":"address"}},"visibility":"internal"},{"constant":false,"id":190,"indexed":true,"mutability":"mutable","name":"newAdmin","nameLocation":"206:8:2","nodeType":"VariableDeclaration","scope":192,"src":"190:24:2","stateVariable":false,"storageLocation":"default","typeDescriptions":{"typeIdentifier":"t_address","typeString":"address"},"typeName":{"id":189,"name":"address","nodeType":"ElementaryTypeName","src":"190:7:2","stateMutability":"nonpayable","typeDescriptions":{"typeIdentifier":"t_address","typeString":"address"}},"visibility":"internal"}],"src":"158:57:2"},"src":"140:76:2"},{"functionSelector":"5c60da1b","id":197,"implemented":false,"kind":"function","modifiers":[],"name":"implementation","nameLocation":"231:14:2","nodeType":"FunctionDefinition","parameters":{"id":193,"nodeType":"ParameterList","parameters":[],"src":"245:2:2"},"returnParameters":{"id":196,"nodeType":"ParameterList","parameters":[{"constant":false,"id":195,"mutability":"mutable","name":"","nameLocation":"-1:-1:-1","nodeType":"VariableDeclaration","scope":197,"src":"271:7:2","stateVariable":false,"storageLocation":"default","typeDescriptions":{"typeIdentifier":"t_address","typeString":"address"},"typeName":{"id":194,"name":"address","nodeType":"ElementaryTypeName","src":"271:7:2","stateMutability":"nonpayable","typeDescriptions":{"typeIdentifier":"t_address","typeString":"address"}},"visibility":"internal"}],"src":"270:9:2"},"scope":220,"src":"222:58:2","stateMutability":"view","virtual":false,"visibility":"external"},{"functionSelector":"f851a440","id":202,"implemented":false,"kind":"function","modifiers":[],"name":"admin","nameLocation":"294:5:2","nodeType":"FunctionDefinition","parameters":{"id":198,"nodeType":"ParameterList","parameters":[],"src":"299:2:2"},"returnParameters":{"id":201,"nodeType":"ParameterList","parameters":[{"constant":false,"id":200,"mutability":"mutable","name":"","nameLocation":"-1:-1:-1","nodeType":"VariableDeclaration","scope":202,"src":"325:7:2","stateVariable":false,"storageLocation":"default","typeDescriptions":{"typeIdentifier":"t_address","typeString":"address"},"typeName":{"id":199,"name":"address","nodeType":"ElementaryTypeName","src":"325:7:2","stateMutability":"nonpayable","typeDescriptions":{"typeIdentifier":"t_address","typeString":"address"}},"visibility":"internal"}],"src":"324:9:2"},"scope":220,"src":"285:49:2","stateMutability":"view","virtual":false,"visibility":"external"},{"functionSelector":"3659cfe6","id":207,"implemented":false,"kind":"function","modifiers":[],"name":"upgradeTo","nameLocation":"348:9:2","nodeType":"FunctionDefinition","parameters":{"id":205,"nodeType":"ParameterList","parameters":[{"constant":false,"id":204,"mutability":"mutable","name":"newImplementation","nameLocation":"366:17:2","nodeType":"VariableDeclaration","scope":207,"src":"358:25:2","stateVariable":false,"storageLocation":"default","typeDescriptions":{"typeIdentifier":"t_address","typeString":"address"},"typeName":{"id":203,"name":"address","nodeType":"ElementaryTypeName","src":"358:7:2","stateMutability":"nonpayable","typeDescriptions":{"typeIdentifier":"t_address","typeString":"address"}},"visibility":"internal"}],"src":"357:27:2"},"returnParameters":{"id":206,"nodeType":"ParameterList","parameters":[],"src":"393:0:2"},"scope":220,"src":"339:55:2","stateMutability":"nonpayable","virtual":false,"visibility":"external"},{"functionSelector":"4f1ef286","id":214,"implemented":false,"kind":"function","modifiers":[],"name":"upgradeToAndCall","nameLocation":"408:16:2","nodeType":"FunctionDefinition","parameters":{"id":212,"nodeType":"ParameterList","parameters":[{"constant":false,"id":209,"mutability":"mutable","name":"newImplementation","nameLocation":"433:17:2","nodeType":"VariableDeclaration","scope":214,"src":"425:25:2","stateVariable":false,"storageLocation":"default","typeDescriptions":{"typeIdentifier":"t_address","typeString":"address"},"typeName":{"id":208,"name":"address","nodeType":"ElementaryTypeName","src":"425:7:2","stateMutability":"nonpayable","typeDescriptions":{"typeIdentifier":"t_address","typeString":"address"}},"visibility":"internal"},{"constant":false,"id":211,"mutability":"mutable","name":"data","nameLocation":"467:4:2","nodeType":"VariableDeclaration","scope":214,"src":"452:19:2","stateVariable":false,"storageLocation":"calldata","typeDescriptions":{"typeIdentifier":"t_bytes_calldata_ptr","typeString":"bytes"},"typeName":{"id":210,"name":"bytes","nodeType":"ElementaryTypeName","src":"452:5:2","typeDescriptions":{"typeIdentifier":"t_bytes_storage_ptr","typeString":"bytes"}},"visibility":"internal"}],"src":"424:48:2"},"returnParameters":{"id":213,"nodeType":"ParameterList","parameters":[],"src":"489:0:2"},"scope":220,"src":"399:91:2","stateMutability":"payable","virtual":false,"visibility":"external"},{"functionSelector":"8f283970","id":219,"implemented":false,"kind":"function","modifiers":[],"name":"changeAdmin","nameLocation":"504:11:2","nodeType":"FunctionDefinition","parameters":{"id":217,"nodeType":"ParameterList","parameters":[{"constant":false,"id":216,"mutability":"mutable","name":"newAdmin","nameLocation":"524:8:2","nodeType":"VariableDeclaration","scope":219,"src":"516:16:2","stateVariable":false,"storageLocation":"default","typeDescriptions":{"typeIdentifier":"t_address","typeString":"address"},"typeName":{"id":215,"name":"address","nodeType":"ElementaryTypeName","src":"516:7:2","stateMutability":"nonpayable","typeDescriptions":{"typeIdentifier":"t_address","typeString":"address"}},"visibility":"internal"}],"src":"515:18:2"},"returnParameters":{"id":218,"nodeType":"ParameterList","parameters":[],"src":"542:0:2"},"scope":220,"src":"495:48:2","stateMutability":"nonpayable","virtual":false,"visibility":"external"}],"scope":221,"src":"58:487:2","usedErrors":[],"usedEvents":[186,192]}],"src":"32:514:2"},"id":2},"contracts/interfaces/IVePLN.sol":{"ast":{"absolutePath":"contracts/interfaces/IVePLN.sol","exportedSymbols":{"IVePLN":[289]},"id":290,"license":"MIT","nodeType":"SourceUnit","nodes":[{"id":222,"literals":["solidity","^","0.8",".24"],"nodeType":"PragmaDirective","src":"32:24:3"},{"abstract":false,"baseContracts":[],"canonicalName":"IVePLN","contractDependencies":[],"contractKind":"interface","fullyImplemented":false,"id":289,"linearizedBaseContracts":[289],"name":"IVePLN","nameLocation":"68:6:3","nodeType":"ContractDefinition","nodes":[{"anonymous":false,"eventSelector":"5af417134f72a9d41143ace85b0a26dce6f550f894f2cbc1eeee8810603d91b6","id":230,"name":"Stake","nameLocation":"87:5:3","nodeType":"EventDefinition","parameters":{"id":229,"nodeType":"ParameterList","parameters":[{"constant":false,"id":224,"indexed":true,"mutability":"mutable","name":"user","nameLocation":"109:4:3","nodeType":"VariableDeclaration","scope":230,"src":"93:20:3","stateVariable":false,"storageLocation":"default","typeDescriptions":{"typeIdentifier":"t_address","typeString":"address"},"typeName":{"id":223,"name":"address","nodeType":"ElementaryTypeName","src":"93:7:3","stateMutability":"nonpayable","typeDescriptions":{"typeIdentifier":"t_address","typeString":"address"}},"visibility":"internal"},{"constant":false,"id":226,"indexed":false,"mutability":"mutable","name":"amount","nameLocation":"123:6:3","nodeType":"VariableDeclaration","scope":230,"src":"115:14:3","stateVariable":false,"storageLocation":"default","typeDescriptions":{"typeIdentifier":"t_uint256","typeString":"uint256"},"typeName":{"id":225,"name":"uint256","nodeType":"ElementaryTypeName","src":"115:7:3","typeDescriptions":{"typeIdentifier":"t_uint256","typeString":"uint256"}},"visibility":"internal"},{"constant":false,"id":228,"indexed":false,"mutability":"mutable","name":"lockDuration","nameLocation":"139:12:3","nodeType":"VariableDeclaration","scope":230,"src":"131:20:3","stateVariable":false,"storageLocation":"default","typeDescriptions":{"typeIdentifier":"t_uint256","typeString":"uint256"},"typeName":{"id":227,"name":"uint256","nodeType":"ElementaryTypeName","src":"131:7:3","typeDescriptions":{"typeIdentifier":"t_uint256","typeString":"uint256"}},"visibility":"internal"}],"src":"92:60:3"},"src":"81:72:3"},{"anonymous":false,"eventSelector":"85082129d87b2fe11527cb1b3b7a520aeb5aa6913f88a3d8757fe40d1db02fdd","id":236,"name":"Unstake","nameLocation":"164:7:3","nodeType":"EventDefinition","parameters":{"id":235,"nodeType":"ParameterList","parameters":[{"constant":false,"id":232,"indexed":true,"mutability":"mutable","name":"user","nameLocation":"188:4:3","nodeType":"VariableDeclaration","scope":236,"src":"172:20:3","stateVariable":false,"storageLocation":"default","typeDescriptions":{"typeIdentifier":"t_address","typeString":"address"},"typeName":{"id":231,"name":"address","nodeType":"ElementaryTypeName","src":"172:7:3","stateMutability":"nonpayable","typeDescriptions":{"typeIdentifier":"t_address","typeString":"address"}},"visibility":"internal"},{"constant":false,"id":234,"indexed":false,"mutability":"mutable","name":"amount","nameLocation":"202:6:3","nodeType":"VariableDeclaration","scope":236,"src":"194:14:3","stateVariable":false,"storageLocation":"default","typeDescriptions":{"typeIdentifier":"t_uint256","typeString":"uint256"},"typeName":{"id":233,"name":"uint256","nodeType":"ElementaryTypeName","src":"194:7:3","typeDescriptions":{"typeIdentifier":"t_uint256","typeString":"uint256"}},"visibility":"internal"}],"src":"171:38:3"},"src":"158:52:3"},{"anonymous":false,"eventSelector":"1f3c43131750788827ee11a40ed23418a0168521f8933599e91767c8e0102c50","id":242,"name":"ExtendLock","nameLocation":"221:10:3","nodeType":"EventDefinition","parameters":{"id":241,"nodeType":"ParameterList","parameters":[{"constant":false,"id":238,"indexed":true,"mutability":"mutable","name":"user","nameLocation":"248:4:3","nodeType":"VariableDeclaration","scope":242,"src":"232:20:3","stateVariable":false,"storageLocation":"default","typeDescriptions":{"typeIdentifier":"t_address","typeString":"address"},"typeName":{"id":237,"name":"address","nodeType":"ElementaryTypeName","src":"232:7:3","stateMutability":"nonpayable","typeDescriptions":{"typeIdentifier":"t_address","typeString":"address"}},"visibility":"internal"},{"constant":false,"id":240,"indexed":false,"mutability":"mutable","name":"newLockDuration","nameLocation":"262:15:3","nodeType":"VariableDeclaration","scope":242,"src":"254:23:3","stateVariable":false,"storageLocation":"default","typeDescriptions":{"typeIdentifier":"t_uint256","typeString":"uint256"},"typeName":{"id":239,"name":"uint256","nodeType":"ElementaryTypeName","src":"254:7:3","typeDescriptions":{"typeIdentifier":"t_uint256","typeString":"uint256"}},"visibility":"internal"}],"src":"231:47:3"},"src":"215:64:3"},{"functionSelector":"18160ddd","id":247,"implemented":false,"kind":"function","modifiers":[],"name":"totalSupply","nameLocation":"294:11:3","nodeType":"FunctionDefinition","parameters":{"id":243,"nodeType":"ParameterList","parameters":[],"src":"305:2:3"},"returnParameters":{"id":246,"nodeType":"ParameterList","parameters":[{"constant":false,"id":245,"mutability":"mutable","name":"","nameLocation":"-1:-1:-1","nodeType":"VariableDeclaration","scope":247,"src":"331:7:3","stateVariable":false,"storageLocation":"default","typeDescriptions":{"typeIdentifier":"t_uint256","typeString":"uint256"},"typeName":{"id":244,"name":"uint256","nodeType":"ElementaryTypeName","src":"331:7:3","typeDescriptions":{"typeIdentifier":"t_uint256","typeString":"uint256"}},"visibility":"internal"}],"src":"330:9:3"},"scope":289,"src":"285:55:3","stateMutability":"view","virtual":false,"visibility":"external"},{"functionSelector":"70a08231","id":254,"implemented":false,"kind":"function","modifiers":[],"name":"balanceOf","nameLocation":"354:9:3","nodeType":"FunctionDefinition","parameters":{"id":250,"nodeType":"ParameterList","parameters":[{"constant":false,"id":249,"mutability":"mutable","name":"account","nameLocation":"372:7:3","nodeType":"VariableDeclaration","scope":254,"src":"364:15:3","stateVariable":false,"storageLocation":"default","typeDescriptions":{"typeIdentifier":"t_address","typeString":"address"},"typeName":{"id":248,"name":"address","nodeType":"ElementaryTypeName","src":"364:7:3","stateMutability":"nonpayable","typeDescriptions":{"typeIdentifier":"t_address","typeString":"address"}},"visibility":"internal"}],"src":"363:17:3"},"returnParameters":{"id":253,"nodeType":"ParameterList","parameters":[{"constant":false,"id":252,"mutability":"mutable","name":"","nameLocation":"-1:-1:-1","nodeType":"VariableDeclaration","scope":254,"src":"404:7:3","stateVariable":false,"storageLocation":"default","typeDescriptions":{"typeIdentifier":"t_uint256","typeString":"uint256"},"typeName":{"id":251,"name":"uint256","nodeType":"ElementaryTypeName","src":"404:7:3","typeDescriptions":{"typeIdentifier":"t_uint256","typeString":"uint256"}},"visibility":"internal"}],"src":"403:9:3"},"scope":289,"src":"345:68:3","stateMutability":"view","virtual":false,"visibility":"external"},{"functionSelector":"a16cdbb1","id":259,"implemented":false,"kind":"function","modifiers":[],"name":"maxLockDuration","nameLocation":"427:15:3","nodeType":"FunctionDefinition","parameters":{"id":255,"nodeType":"ParameterList","parameters":[],"src":"442:2:3"},"returnParameters":{"id":258,"nodeType":"ParameterList","parameters":[{"constant":false,"id":257,"mutability":"mutable","name":"","nameLocation":"-1:-1:-1","nodeType":"VariableDeclaration","scope":259,"src":"468:7:3","stateVariable":false,"storageLocation":"default","typeDescriptions":{"typeIdentifier":"t_uint256","typeString":"uint256"},"typeName":{"id":256,"name":"uint256","nodeType":"ElementaryTypeName","src":"468:7:3","typeDescriptions":{"typeIdentifier":"t_uint256","typeString":"uint256"}},"visibility":"internal"}],"src":"467:9:3"},"scope":289,"src":"418:59:3","stateMutability":"view","virtual":false,"visibility":"external"},{"functionSelector":"d6a298e9","id":264,"implemented":false,"kind":"function","modifiers":[],"name":"minLockDuration","nameLocation":"491:15:3","nodeType":"FunctionDefinition","parameters":{"id":260,"nodeType":"ParameterList","parameters":[],"src":"506:2:3"},"returnParameters":{"id":263,"nodeType":"ParameterList","parameters":[{"constant":false,"id":262,"mutability":"mutable","name":"","nameLocation":"-1:-1:-1","nodeType":"VariableDeclaration","scope":264,"src":"532:7:3","stateVariable":false,"storageLocation":"default","typeDescriptions":{"typeIdentifier":"t_uint256","typeString":"uint256"},"typeName":{"id":261,"name":"uint256","nodeType":"ElementaryTypeName","src":"532:7:3","typeDescriptions":{"typeIdentifier":"t_uint256","typeString":"uint256"}},"visibility":"internal"}],"src":"531:9:3"},"scope":289,"src":"482:59:3","stateMutability":"view","virtual":false,"visibility":"external"},{"functionSelector":"7238ccdb","id":273,"implemented":false,"kind":"function","modifiers":[],"name":"getLockInfo","nameLocation":"555:11:3","nodeType":"FunctionDefinition","parameters":{"id":267,"nodeType":"ParameterList","parameters":[{"constant":false,"id":266,"mutability":"mutable","name":"account","nameLocation":"575:7:3","nodeType":"VariableDeclaration","scope":273,"src":"567:15:3","stateVariable":false,"storageLocation":"default","typeDescriptions":{"typeIdentifier":"t_address","typeString":"address"},"typeName":{"id":265,"name":"address","nodeType":"ElementaryTypeName","src":"567:7:3","stateMutability":"nonpayable","typeDescriptions":{"typeIdentifier":"t_address","typeString":"address"}},"visibility":"internal"}],"src":"566:17:3"},"returnParameters":{"id":272,"nodeType":"ParameterList","parameters":[{"constant":false,"id":269,"mutability":"mutable","name":"amount","nameLocation":"615:6:3","nodeType":"VariableDeclaration","scope":273,"src":"607:14:3","stateVariable":false,"storageLocation":"default","typeDescriptions":{"typeIdentifier":"t_uint256","typeString":"uint256"},"typeName":{"id":268,"name":"uint256","nodeType":"ElementaryTypeName","src":"607:7:3","typeDescriptions":{"typeIdentifier":"t_uint256","typeString":"uint256"}},"visibility":"internal"},{"constant":false,"id":271,"mutability":"mutable","name":"lockEnd","nameLocation":"631:7:3","nodeType":"VariableDeclaration","scope":273,"src":"623:15:3","stateVariable":false,"storageLocation":"default","typeDescriptions":{"typeIdentifier":"t_uint256","typeString":"uint256"},"typeName":{"id":270,"name":"uint256","nodeType":"ElementaryTypeName","src":"623:7:3","typeDescriptions":{"typeIdentifier":"t_uint256","typeString":"uint256"}},"visibility":"internal"}],"src":"606:33:3"},"scope":289,"src":"546:94:3","stateMutability":"view","virtual":false,"visibility":"external"},{"functionSelector":"7b0472f0","id":280,"implemented":false,"kind":"function","modifiers":[],"name":"stake","nameLocation":"654:5:3","nodeType":"FunctionDefinition","parameters":{"id":278,"nodeType":"ParameterList","parameters":[{"constant":false,"id":275,"mutability":"mutable","name":"amount","nameLocation":"668:6:3","nodeType":"VariableDeclaration","scope":280,"src":"660:14:3","stateVariable":false,"storageLocation":"default","typeDescriptions":{"typeIdentifier":"t_uint256","typeString":"uint256"},"typeName":{"id":274,"name":"uint256","nodeType":"ElementaryTypeName","src":"660:7:3","typeDescriptions":{"typeIdentifier":"t_uint256","typeString":"uint256"}},"visibility":"internal"},{"constant":false,"id":277,"mutability":"mutable","name":"lockDuration","nameLocation":"684:12:3","nodeType":"VariableDeclaration","scope":280,"src":"676:20:3","stateVariable":false,"storageLocation":"default","typeDescriptions":{"typeIdentifier":"t_uint256","typeString":"uint256"},"typeName":{"id":276,"name":"uint256","nodeType":"ElementaryTypeName","src":"676:7:3","typeDescriptions":{"typeIdentifier":"t_uint256","typeString":"uint256"}},"visibility":"internal"}],"src":"659:38:3"},"returnParameters":{"id":279,"nodeType":"ParameterList","parameters":[],"src":"706:0:3"},"scope":289,"src":"645:62:3","stateMutability":"nonpayable","virtual":false,"visibility":"external"},{"functionSelector":"2def6620","id":283,"implemented":false,"kind":"function","modifiers":[],"name":"unstake","nameLocation":"721:7:3","nodeType":"FunctionDefinition","parameters":{"id":281,"nodeType":"ParameterList","parameters":[],"src":"728:2:3"},"returnParameters":{"id":282,"nodeType":"ParameterList","parameters":[],"src":"739:0:3"},"scope":289,"src":"712:28:3","stateMutability":"nonpayable","virtual":false,"visibility":"external"},{"functionSelector":"44ee3a1c","id":288,"implemented":false,"kind":"function","modifiers":[],"name":"extendLock","nameLocation":"754:10:3","nodeType":"FunctionDefinition","parameters":{"id":286,"nodeType":"ParameterList","parameters":[{"constant":false,"id":285,"mutability":"mutable","name":"newLockDuration","nameLocation":"773:15:3","nodeType":"VariableDeclaration","scope":288,"src":"765:23:3","stateVariable":false,"storageLocation":"default","typeDescriptions":{"typeIdentifier":"t_uint256","typeString":"uint256"},"typeName":{"id":284,"name":"uint256","nodeType":"ElementaryTypeName","src":"765:7:3","typeDescriptions":{"typeIdentifier":"t_uint256","typeString":"uint256"}},"visibility":"internal"}],"src":"764:25:3"},"returnParameters":{"id":287,"nodeType":"ParameterList","parameters":[],"src":"798:0:3"},"scope":289,"src":"745:54:3","stateMutability":"nonpayable","virtual":false,"visibility":"external"}],"scope":290,"src":"58:743:3","usedErrors":[],"usedEvents":[230,236,242]}],"src":"32:770:3"},"id":3}},"contracts":{"contracts/interfaces/IERC20.sol":{"IERC20":{"abi":[{"anonymous":false,"inputs":[{"indexed":true,"internalType":"address","name":"owner","type":"address"},{"indexed":true,"internalType":"address","name":"spender","type":"address"},{"indexed":false,"internalType":"uint256","name":"value","type":"uint256"}],"name":"Approval","type":"event"},{"anonymous":false,"inputs":[{"indexed":true,"internalType":"address","name":"from","type":"address"},{"indexed":true,"internalType":"address","name":"to","type":"address"},{"indexed":false,"internalType":"uint256","name":"value","type":"uint256"}],"name":"Transfer","type":"event"},{"inputs":[{"internalType":"address","name":"owner","type":"address"},{"internalType":"address","name":"spender","type":"address"}],"name":"allowance","outputs":[{"internalType":"uint256","name":"","type":"uint256"}],"stateMutability":"view","type":"function"},{"inputs":[{"internalType":"address","name":"spender","type":"address"},{"internalType":"uint256","name":"amount","type":"uint256"}],"name":"approve","outputs":[{"internalType":"bool","name":"","type":"bool"}],"stateMutability":"nonpayable","type":"function"},{"inputs":[{"internalType":"address","name":"account","type":"address"}],"name":"balanceOf","outputs":[{"internalType":"uint256","name":"","type":"uint256"}],"stateMutability":"view","type":"function"},{"inputs":[],"name":"decimals","outputs":[{"internalType":"uint8","name":"","type":"uint8"}],"stateMutability":"view","type":"function"},{"inputs":[],"name":"name","outputs":[{"internalType":"string","name":"","type":"string"}],"stateMutability":"view","type":"function"},{"inputs":[],"name":"symbol","outputs":[{"internalType":"string","name":"","type":"string"}],"stateMutability":"view","type":"function"},{"inputs":[],"name":"totalSupply","outputs":[{"internalType":"uint256","name":"","type":"uint256"}],"stateMutability":"view","type":"function"},{"inputs":[{"internalType":"address","name":"recipient","type":"address"},{"internalType":"uint256","name":"amount","type":"uint256"}],"name":"transfer","outputs":[{"internalType":"bool","name":"","type":"bool"}],"stateMutability":"nonpayable","type":"function"},{"inputs":[{"internalType":"address","name":"sender","type":"address"},{"internalType":"address","name":"recipient","type":"address"},{"internalType":"uint256","name":"amount","type":"uint256"}],"name":"transferFrom","outputs":[{"internalType":"bool","name":"","type":"bool"}],"stateMutability":"nonpayable","type":"function"}],"evm":{"bytecode":{"functionDebugData":{},"generatedSources":[],"linkReferences":{},"object":"","opcodes":"","sourceMap":""},"deployedBytecode":{"functionDebugData":{},"generatedSources":[],"immutableReferences":{},"linkReferences":{},"object":"","opcodes":"","sourceMap":""},"methodIdentifiers":{"allowance(address,address)":"dd62ed3e","approve(address,uint256)":"095ea7b3","balanceOf(address)":"70a08231","decimals()":"313ce567","name()":"06fdde03","symbol()":"95d89b41","totalSupply()":"18160ddd","transfer(address,uint256)":"a9059cbb","transferFrom(address,address,uint256)":"23b872dd"}},"metadata":"{\"compiler\":{\"version\":\"0.8.24+commit.e11b9ed9\"},\"language\":\"Solidity\",\"output\":{\"abi\":[{\"anonymous\":false,\"inputs\":[{\"indexed\":true,\"internalType\":\"address\",\"name\":\"owner\",\"type\":\"address\"},{\"indexed\":true,\"internalType\":\"address\",\"name\":\"spender\",\"type\":\"address\"},{\"indexed\":false,\"internalType\":\"uint256\",\"name\":\"value\",\"type\":\"uint256\"}],\"name\":\"Approval\",\"type\":\"event\"},{\"anonymous\":false,\"inputs\":[{\"indexed\":true,\"internalType\":\"address\",\"name\":\"from\",\"type\":\"address\"},{\"indexed\":true,\"internalType\":\"address\",\"name\":\"to\",\"type\":\"address\"},{\"indexed\":false,\"internalType\":\"uint256\",\"name\":\"value\",\"type\":\"uint256\"}],\"name\":\"Transfer\",\"type\":\"event\"},{\"inputs\":[{\"internalType\":\"address\",\"name\":\"owner\",\"type\":\"address\"},{\"internalType\":\"address\",\"name\":\"spender\",\"type\":\"address\"}],\"name\":\"allowance\",\"outputs\":[{\"internalType\":\"uint256\",\"name\":\"\",\"type\":\"uint256\"}],\"stateMutability\":\"view\",\"type\":\"function\"},{\"inputs\":[{\"internalType\":\"address\",\"name\":\"spender\",\"type\":\"address\"},{\"internalType\":\"uint256\",\"name\":\"amount\",\"type\":\"uint256\"}],\"name\":\"approve\",\"outputs\":[{\"internalType\":\"bool\",\"name\":\"\",\"type\":\"bool\"}],\"stateMutability\":\"nonpayable\",\"type\":\"function\"},{\"inputs\":[{\"internalType\":\"address\",\"name\":\"account\",\"type\":\"address\"}],\"name\":\"balanceOf\",\"outputs\":[{\"internalType\":\"uint256\",\"name\":\"\",\"type\":\"uint256\"}],\"stateMutability\":\"view\",\"type\":\"function\"},{\"inputs\":[],\"name\":\"decimals\",\"outputs\":[{\"internalType\":\"uint8\",\"name\":\"\",\"type\":\"uint8\"}],\"stateMutability\":\"view\",\"type\":\"function\"},{\"inputs\":[],\"name\":\"name\",\"outputs\":[{\"internalType\":\"string\",\"name\":\"\",\"type\":\"string\"}],\"stateMutability\":\"view\",\"type\":\"function\"},{\"inputs\":[],\"name\":\"symbol\",\"outputs\":[{\"internalType\":\"string\",\"name\":\"\",\"type\":\"string\"}],\"stateMutability\":\"view\",\"type\":\"function\"},{\"inputs\":[],\"name\":\"totalSupply\",\"outputs\":[{\"internalType\":\"uint256\",\"name\":\"\",\"type\":\"uint256\"}],\"stateMutability\":\"view\",\"type\":\"function\"},{\"inputs\":[{\"internalType\":\"address\",\"name\":\"recipient\",\"type\":\"address\"},{\"internalType\":\"uint256\",\"name\":\"amount\",\"type\":\"uint256\"}],\"name\":\"transfer\",\"outputs\":[{\"internalType\":\"bool\",\"name\":\"\",\"type\":\"bool\"}],\"stateMutability\":\"nonpayable\",\"type\":\"function\"},{\"inputs\":[{\"internalType\":\"address\",\"name\":\"sender\",\"type\":\"address\"},{\"internalType\":\"address\",\"name\":\"recipient\",\"type\":\"address\"},{\"internalType\":\"uint256\",\"name\":\"amount\",\"type\":\"uint256\"}],\"name\":\"transferFrom\",\"outputs\":[{\"internalType\":\"bool\",\"name\":\"\",\"type\":\"bool\"}],\"stateMutability\":\"nonpayable\",\"type\":\"function\"}],\"devdoc\":{\"kind\":\"dev\",\"methods\":{},\"version\":1},\"userdoc\":{\"kind\":\"user\",\"methods\":{},\"version\":1}},\"settings\":{\"compilationTarget\":{\"contracts/interfaces/IERC20.sol\":\"IERC20\"},\"evmVersion\":\"paris\",\"libraries\":{},\"metadata\":{\"bytecodeHash\":\"ipfs\"},\"optimizer\":{\"enabled\":true,\"runs\":200},\"remappings\":[]},\"sources\":{\"contracts/interfaces/IERC20.sol\":{\"keccak256\":\"0x501e245d82de18b6403327520e78ca27ae71fd342d60389e9227c2effcf75f03\",\"license\":\"MIT\",\"urls\":[\"bzz-raw://d2aa3badecdfefbe0b3a2032d131e11c9e00dc278ce462f521235bc04aa80618\",\"dweb:/ipfs/Qmag2Ykrcpryamj2ShdYpqyC4zN88tgZh4643V1bfEpxj1\"]}},\"version\":1}"}},"contracts/interfaces/IPollenDAO.sol":{"IPollenDAO":{"abi":[{"anonymous":false,"inputs":[{"indexed":true,"internalType":"uint256","name":"proposalId","type":"uint256"},{"indexed":true,"internalType":"address","name":"proposer","type":"address"},{"indexed":false,"internalType":"address[]","name":"targets","type":"address[]"},{"indexed":false,"internalType":"uint256[]","name":"values","type":"uint256[]"},{"indexed":false,"internalType":"string[]","name":"signatures","type":"string[]"},{"indexed":false,"internalType":"bytes[]","name":"calldatas","type":"bytes[]"},{"indexed":false,"internalType":"uint256","name":"startBlock","type":"uint256"},{"indexed":false,"internalType":"uint256","name":"endBlock","type":"uint256"},{"indexed":false,"internalType":"string","name":"description","type":"string"}],"name":"ProposalCreated","type":"event"},{"anonymous":false,"inputs":[{"indexed":true,"internalType":"uint256","name":"proposalId","type":"uint256"}],"name":"ProposalExecuted","type":"event"},{"anonymous":false,"inputs":[{"indexed":true,"internalType":"address","name":"voter","type":"address"},{"indexed":true,"internalType":"uint256","name":"proposalId","type":"uint256"},{"indexed":false,"internalType":"uint8","name":"support","type":"uint8"},{"indexed":false,"internalType":"uint256","name":"weight","type":"uint256"}],"name":"VoteCast","type":"event"},{"inputs":[{"internalType":"uint256","name":"proposalId","type":"uint256"},{"internalType":"uint8","name":"support","type":"uint8"}],"name":"castVote","outputs":[],"stateMutability":"nonpayable","type":"function"},{"inputs":[{"internalType":"uint256","name":"proposalId","type":"uint256"}],"name":"execute","outputs":[],"stateMutability":"nonpayable","type":"function"},{"inputs":[{"internalType":"uint256","name":"proposalId","type":"uint256"}],"name":"getProposal","outputs":[{"internalType":"address","name":"proposer","type":"address"},{"internalType":"uint256","name":"startBlock","type":"uint256"},{"internalType":"uint256","name":"endBlock","type":"uint256"},{"internalType":"uint256","name":"forVotes","type":"uint256"},{"internalType":"uint256","name":"againstVotes","type":"uint256"},{"internalType":"bool","name":"executed","type":"bool"}],"stateMutability":"view","type":"function"},{"inputs":[],"name":"proposalCount","outputs":[{"internalType":"uint256","name":"","type":"uint256"}],"stateMutability":"view","type":"function"},{"inputs":[],"name":"proposalThreshold","outputs":[{"internalType":"uint256","name":"","type":"uint256"}],"stateMutability":"view","type":"function"},{"inputs":[],"name":"quorum","outputs":[{"internalType":"uint256","name":"","type":"uint256"}],"stateMutability":"view","type":"function"},{"inputs":[{"internalType":"uint256","name":"proposalId","type":"uint256"}],"name":"state","outputs":[{"internalType":"uint8","name":"","type":"uint8"}],"stateMutability":"view","type":"function"},{"inputs":[],"name":"votingPeriod","outputs":[{"internalType":"uint256","name":"","type":"uint256"}],"stateMutability":"view","type":"function"}],"evm":{"bytecode":{"functionDebugData":{},"generatedSources":[],"linkReferences":{},"object":"","opcodes":"","sourceMap":""},"deployedBytecode":{"functionDebugData":{},"generatedSources":[],"immutableReferences":{},"linkReferences":{},"object":"","opcodes":"","sourceMap":""},"methodIdentifiers":{"castVote(uint256,uint8)":"56781388","execute(uint256)":"fe0d94c1","getProposal(uint256)":"c7f758a8","proposalCount()":"da35c664","proposalThreshold()":"b58131b0","quorum()":"1703a018","state(uint256)":"3e4f49e6","votingPeriod()":"02a251a3"}},"metadata":"{\"compiler\":{\"version\":\"0.8.24+commit.e11b9ed9\"},\"language\":\"Solidity\",\"output\":{\"abi\":[{\"anonymous\":false,\"inputs\":[{\"indexed\":true,\"internalType\":\"uint256\",\"name\":\"proposalId\",\"type\":\"uint256\"},{\"indexed\":true,\"internalType\":\"address\",\"name\":\"proposer\",\"type\":\"address\"},{\"indexed\":false,\"internalType\":\"address[]\",\"name\":\"targets\",\"type\":\"address[]\"},{\"indexed\":false,\"internalType\":\"uint256[]\",\"name\":\"values\",\"type\":\"uint256[]\"},{\"indexed\":false,\"internalType\":\"string[]\",\"name\":\"signatures\",\"type\":\"string[]\"},{\"indexed\":false,\"internalType\":\"bytes[]\",\"name\":\"calldatas\",\"type\":\"bytes[]\"},{\"indexed\":false,\"internalType\":\"uint256\",\"name\":\"startBlock\",\"type\":\"uint256\"},{\"indexed\":false,\"internalType\":\"uint256\",\"name\":\"endBlock\",\"type\":\"uint256\"},{\"indexed\":false,\"internalType\":\"string\",\"name\":\"description\",\"type\":\"string\"}],\"name\":\"ProposalCreated\",\"type\":\"event\"},{\"anonymous\":false,\"inputs\":[{\"indexed\":true,\"internalType\":\"uint256\",\"name\":\"proposalId\",\"type\":\"uint256\"}],\"name\":\"ProposalExecuted\",\"type\":\"event\"},{\"anonymous\":false,\"inputs\":[{\"indexed\":true,\"internalType\":\"address\",\"name\":\"voter\",\"type\":\"address\"},{\"indexed\":true,\"internalType\":\"uint256\",\"name\":\"proposalId\",\"type\":\"uint256\"},{\"indexed\":false,\"internalType\":\"uint8\",\"name\":\"support\",\"type\":\"uint8\"},{\"indexed\":false,\"internalType\":\"uint256\",\"name\":\"weight\",\"type\":\"uint256\"}],\"name\":\"VoteCast\",\"type\":\"event\"},{\"inputs\":[{\"internalType\":\"uint256\",\"name\":\"proposalId\",\"type\":\"uint256\"},{\"internalType\":\"uint8\",\"name\":\"support\",\"type\":\"uint8\"}],\"name\":\"castVote\",\"outputs\":[],\"stateMutability\":\"nonpayable\",\"type\":\"function\"},{\"inputs\":[{\"internalType\":\"uint256\",\"name\":\"proposalId\",\"type\":\"uint256\"}],\"name\":\"execute\",\"outputs\":[],\"stateMutability\":\"nonpayable\",\"type\":\"function\"},{\"inputs\":[{\"internalType\":\"uint256\",\"name\":\"proposalId\",\"type\":\"uint256\"}],\"name\":\"getProposal\",\"outputs\":[{\"internalType\":\"address\",\"name\":\"proposer\",\"type\":\"address\"},{\"internalType\":\"uint256\",\"name\":\"startBlock\",\"type\":\"uint256\"},{\"internalType\":\"uint256\",\"name\":\"endBlock\",\"type\":\"uint256\"},{\"internalType\":\"uint256\",\"name\":\"forVotes\",\"type\":\"uint256\"},{\"internalType\":\"uint256\",\"name\":\"againstVotes\",\"type\":\"uint256\"},{\"internalType\":\"bool\",\"name\":\"executed\",\"type\":\"bool\"}],\"stateMutability\":\"view\",\"type\":\"function\"},{\"inputs\":[],\"name\":\"proposalCount\",\"outputs\":[{\"internalType\":\"uint256\",\"name\":\"\",\"type\":\"uint256\"}],\"stateMutability\":\"view\",\"type\":\"function\"},{\"inputs\":[],\"name\":\"proposalThreshold\",\"outputs\":[{\"internalType\":\"uint256\",\"name\":\"\",\"type\":\"uint256\"}],\"stateMutability\":\"view\",\"type\":\"function\"},{\"inputs\":[],\"name\":\"quorum\",\"outputs\":[{\"internalType\":\"uint256\",\"name\":\"\",\"type\":\"uint256\"}],\"stateMutability\":\"view\",\"type\":\"function\"},{\"inputs\":[{\"internalType\":\"uint256\",\"name\":\"proposalId\",\"type\":\"uint256\"}],\"name\":\"state\",\"outputs\":[{\"internalType\":\"uint8\",\"name\":\"\",\"type\":\"uint8\"}],\"stateMutability\":\"view\",\"type\":\"function\"},{\"inputs\":[],\"name\":\"votingPeriod\",\"outputs\":[{\"internalType\":\"uint256\",\"name\":\"\",\"type\":\"uint256\"}],\"stateMutability\":\"view\",\"type\":\"function\"}],\"devdoc\":{\"kind\":\"dev\",\"methods\":{},\"version\":1},\"userdoc\":{\"kind\":\"user\",\"methods\":{},\"version\":1}},\"settings\":{\"compilationTarget\":{\"contracts/interfaces/IPollenDAO.sol\":\"IPollenDAO\"},\"evmVersion\":\"paris\",\"libraries\":{},\"metadata\":{\"bytecodeHash\":\"ipfs\"},\"optimizer\":{\"enabled\":true,\"runs\":200},\"remappings\":[]},\"sources\":{\"contracts/interfaces/IPollenDAO.sol\":{\"keccak256\":\"0x6302a799cb71e8ee34d3d589c0b94166e47af3b638be409812163d0c1183f281\",\"license\":\"MIT\",\"urls\":[\"bzz-raw://b2af76d9ff642ab826a438a7b5298b68eaae553377f888949de5d700599d25dc\",\"dweb:/ipfs/QmWyeZNBwWKesgQtDKhoHTHC4m9YHAL3cHo5dLRjsGLwjs\"]}},\"version\":1}"}},"contracts/interfaces/IProxyStorage.sol":{"IProxyStorage":{"abi":[{"anonymous":false,"inputs":[{"indexed":true,"internalType":"address","name":"previousAdmin","type":"address"},{"indexed":true,"internalType":"address","name":"newAdmin","type":"address"}],"name":"AdminChanged","type":"event"},{"anonymous":false,"inputs":[{"indexed":true,"internalType":"address","name":"implementation","type":"address"}],"name":"Upgraded","type":"event"},{"inputs":[],"name":"admin","outputs":[{"internalType":"address","name":"","type":"address"}],"stateMutability":"view","type":"function"},{"inputs":[{"internalType":"address","name":"newAdmin","type":"address"}],"name":"changeAdmin","outputs":[],"stateMutability":"nonpayable","type":"function"},{"inputs":[],"name":"implementation","outputs":[{"internalType":"address","name":"","type":"address"}],"stateMutability":"view","type":"function"},{"inputs":[{"internalType":"address","name":"newImplementation","type":"address"}],"name":"upgradeTo","outputs":[],"stateMutability":"nonpayable","type":"function"},{"inputs":[{"internalType":"address","name":"newImplementation","type":"address"},{"internalType":"bytes","name":"data","type":"bytes"}],"name":"upgradeToAndCall","outputs":[],"stateMutability":"payable","type":"function"}],"evm":{"bytecode":{"functionDebugData":{},"generatedSources":[],"linkReferences":{},"object":"","opcodes":"","sourceMap":""},"deployedBytecode":{"functionDebugData":{},"generatedSources":[],"immutableReferences":{},"linkReferences":{},"object":"","opcodes":"","sourceMap":""},"methodIdentifiers":{"admin()":"f851a440","changeAdmin(address)":"8f283970","implementation()":"5c60da1b","upgradeTo(address)":"3659cfe6","upgradeToAndCall(address,bytes)":"4f1ef286"}},"metadata":"{\"compiler\":{\"version\":\"0.8.24+commit.e11b9ed9\"},\"language\":\"Solidity\",\"output\":{\"abi\":[{\"anonymous\":false,\"inputs\":[{\"indexed\":true,\"internalType\":\"address\",\"name\":\"previousAdmin\",\"type\":\"address\"},{\"indexed\":true,\"internalType\":\"address\",\"name\":\"newAdmin\",\"type\":\"address\"}],\"name\":\"AdminChanged\",\"type\":\"event\"},{\"anonymous\":false,\"inputs\":[{\"indexed\":true,\"internalType\":\"address\",\"name\":\"implementation\",\"type\":\"address\"}],\"name\":\"Upgraded\",\"type\":\"event\"},{\"inputs\":[],\"name\":\"admin\",\"outputs\":[{\"internalType\":\"address\",\"name\":\"\",\"type\":\"address\"}],\"stateMutability\":\"view\",\"type\":\"function\"},{\"inputs\":[{\"internalType\":\"address\",\"name\":\"newAdmin\",\"type\":\"address\"}],\"name\":\"changeAdmin\",\"outputs\":[],\"stateMutability\":\"nonpayable\",\"type\":\"function\"},{\"inputs\":[],\"name\":\"implementation\",\"outputs\":[{\"internalType\":\"address\",\"name\":\"\",\"type\":\"address\"}],\"stateMutability\":\"view\",\"type\":\"function\"},{\"inputs\":[{\"internalType\":\"address\",\"name\":\"newImplementation\",\"type\":\"address\"}],\"name\":\"upgradeTo\",\"outputs\":[],\"stateMutability\":\"nonpayable\",\"type\":\"function\"},{\"inputs\":[{\"internalType\":\"address\",\"name\":\"newImplementation\",\"type\":\"address\"},{\"internalType\":\"bytes\",\"name\":\"data\",\"type\":\"bytes\"}],\"name\":\"upgradeToAndCall\",\"outputs\":[],\"stateMutability\":\"payable\",\"type\":\"function\"}],\"devdoc\":{\"kind\":\"dev\",\"methods\":{},\"version\":1},\"userdoc\":{\"kind\":\"user\",\"methods\":{},\"version\":1}},\"settings\":{\"compilationTarget\":{\"contracts/interfaces/IProxyStorage.sol\":\"IProxyStorage\"},\"evmVersion\":\"paris\",\"libraries\":{},\"metadata\":{\"bytecodeHash\":\"ipfs\"},\"optimizer\":{\"enabled\":true,\"runs\":200},\"remappings\":[]},\"sources\":{\"contracts/interfaces/IProxyStorage.sol\":{\"keccak256\":\"0xeca200131db4d4dd86b015143c4769446362562b1ebee067b8b840a2642cedf9\",\"license\":\"MIT\",\"urls\":[\"bzz-raw://b622923811aca7de4890e9b047175bd3186307e2c60b5740a26953c4a9f6a6ad\",\"dweb:/ipfs/QmaVgpVeBt1hwDuL6hpHHptdcieF3ofYQZ4czyWa9Dw2Pk\"]}},\"version\":1}"}},"contracts/interfaces/IVePLN.sol":{"IVePLN":{"abi":[{"anonymous":false,"inputs":[{"indexed":true,"internalType":"address","name":"user","type":"address"},{"indexed":false,"internalType":"uint256","name":"newLockDuration","type":"uint256"}],"name":"ExtendLock","type":"event"},{"anonymous":false,"inputs":[{"indexed":true,"internalType":"address","name":"user","type":"address"},{"indexed":false,"internalType":"uint256","name":"amount","type":"uint256"},{"indexed":false,"internalType":"uint256","name":"lockDuration","type":"uint256"}],"name":"Stake","type":"event"},{"anonymous":false,"inputs":[{"indexed":true,"internalType":"address","name":"user","type":"address"},{"indexed":false,"internalType":"uint256","name":"amount","type":"uint256"}],"name":"Unstake","type":"event"},{"inputs":[{"internalType":"address","name":"account","type":"address"}],"name":"balanceOf","outputs":[{"internalType":"uint256","name":"","type":"uint256"}],"stateMutability":"view","type":"function"},{"inputs":[{"internalType":"uint256","name":"newLockDuration","type":"uint256"}],"name":"extendLock","outputs":[],"stateMutability":"nonpayable","type":"function"},{"inputs":[{"internalType":"address","name":"account","type":"address"}],"name":"getLockInfo","outputs":[{"internalType":"uint256","name":"amount","type":"uint256"},{"internalType":"uint256","name":"lockEnd","type":"uint256"}],"stateMutability":"view","type":"function"},{"inputs":[],"name":"maxLockDuration","outputs":[{"internalType":"uint256","name":"","type":"uint256"}],"stateMutability":"view","type":"function"},{"inputs":[],"name":"minLockDuration","outputs":[{"internalType":"uint256","name":"","type":"uint256"}],"stateMutability":"view","type":"function"},{"inputs":[{"internalType":"uint256","name":"amount","type":"uint256"},{"internalType":"uint256","name":"lockDuration","type":"uint256"}],"name":"stake","outputs":[],"stateMutability":"nonpayable","type":"function"},{"inputs":[],"name":"totalSupply","outputs":[{"internalType":"uint256","name":"","type":"uint256"}],"stateMutability":"view","type":"function"},{"inputs":[],"name":"unstake","outputs":[],"stateMutability":"nonpayable","type":"function"}],"evm":{"bytecode":{"functionDebugData":{},"generatedSources":[],"linkReferences":{},"object":"","opcodes":"","sourceMap":""},"deployedBytecode":{"functionDebugData":{},"generatedSources":[],"immutableReferences":{},"linkReferences":{},"object":"","opcodes":"","sourceMap":""},"methodIdentifiers":{"balanceOf(address)":"70a08231","extendLock(uint256)":"44ee3a1c","getLockInfo(address)":"7238ccdb","maxLockDuration()":"a16cdbb1","minLockDuration()":"d6a298e9","stake(uint256,uint256)":"7b0472f0","totalSupply()":"18160ddd","unstake()":"2def6620"}},"metadata":"{\"compiler\":{\"version\":\"0.8.24+commit.e11b9ed9\"},\"language\":\"Solidity\",\"output\":{\"abi\":[{\"anonymous\":false,\"inputs\":[{\"indexed\":true,\"internalType\":\"address\",\"name\":\"user\",\"type\":\"address\"},{\"indexed\":false,\"internalType\":\"uint256\",\"name\":\"newLockDuration\",\"type\":\"uint256\"}],\"name\":\"ExtendLock\",\"type\":\"event\"},{\"anonymous\":false,\"inputs\":[{\"indexed\":true,\"internalType\":\"address\",\"name\":\"user\",\"type\":\"address\"},{\"indexed\":false,\"internalType\":\"uint256\",\"name\":\"amount\",\"type\":\"uint256\"},{\"indexed\":false,\"internalType\":\"uint256\",\"name\":\"lockDuration\",\"type\":\"uint256\"}],\"name\":\"Stake\",\"type\":\"event\"},{\"anonymous\":false,\"inputs\":[{\"indexed\":true,\"internalType\":\"address\",\"name\":\"user\",\"type\":\"address\"},{\"indexed\":false,\"internalType\":\"uint256\",\"name\":\"amount\",\"type\":\"uint256\"}],\"name\":\"Unstake\",\"type\":\"event\"},{\"inputs\":[{\"internalType\":\"address\",\"name\":\"account\",\"type\":\"address\"}],\"name\":\"balanceOf\",\"outputs\":[{\"internalType\":\"uint256\",\"name\":\"\",\"type\":\"uint256\"}],\"stateMutability\":\"view\",\"type\":\"function\"},{\"inputs\":[{\"internalType\":\"uint256\",\"name\":\"newLockDuration\",\"type\":\"uint256\"}],\"name\":\"extendLock\",\"outputs\":[],\"stateMutability\":\"nonpayable\",\"type\":\"function\"},{\"inputs\":[{\"internalType\":\"address\",\"name\":\"account\",\"type\":\"address\"}],\"name\":\"getLockInfo\",\"outputs\":[{\"internalType\":\"uint256\",\"name\":\"amount\",\"type\":\"uint256\"},{\"internalType\":\"uint256\",\"name\":\"lockEnd\",\"type\":\"uint256\"}],\"stateMutability\":\"view\",\"type\":\"function\"},{\"inputs\":[],\"name\":\"maxLockDuration\",\"outputs\":[{\"internalType\":\"uint256\",\"name\":\"\",\"type\":\"uint256\"}],\"stateMutability\":\"view\",\"type\":\"function\"},{\"inputs\":[],\"name\":\"minLockDuration\",\"outputs\":[{\"internalType\":\"uint256\",\"name\":\"\",\"type\":\"uint256\"}],\"stateMutability\":\"view\",\"type\":\"function\"},{\"inputs\":[{\"internalType\":\"uint256\",\"name\":\"amount\",\"type\":\"uint256\"},{\"internalType\":\"uint256\",\"name\":\"lockDuration\",\"type\":\"uint256\"}],\"name\":\"stake\",\"outputs\":[],\"stateMutability\":\"nonpayable\",\"type\":\"function\"},{\"inputs\":[],\"name\":\"totalSupply\",\"outputs\":[{\"internalType\":\"uint256\",\"name\":\"\",\"type\":\"uint256\"}],\"stateMutability\":\"view\",\"type\":\"function\"},{\"inputs\":[],\"name\":\"unstake\",\"outputs\":[],\"stateMutability\":\"nonpayable\",\"type\":\"function\"}],\"devdoc\":{\"kind\":\"dev\",\"methods\":{},\"version\":1},\"userdoc\":{\"kind\":\"user\",\"methods\":{},\"version\":1}},\"settings\":{\"compilationTarget\":{\"contracts/interfaces/IVePLN.sol\":\"IVePLN\"},\"evmVersion\":\"paris\",\"libraries\":{},\"metadata\":{\"bytecodeHash\":\"ipfs\"},\"optimizer\":{\"enabled\":true,\"runs\":200},\"remappings\":[]},\"sources\":{\"contracts/interfaces/IVePLN.sol\":{\"keccak256\":\"0x17be8fc3dd4e773efa3103d573762b87429b174bbbb7d669941ddd190bae960b\",\"license\":\"MIT\",\"urls\":[\"bzz-raw://91b94dacabd57cf100a3b5bcda5801419605ae87e40f037264cf7627c8264ac6\",\"dweb:/ipfs/QmXMWTivzJwT7x4hwBoEx5mGjMgMkEH1E5HH6wFEFptWzu\"]}},\"version\":1}"}}}}}