{
  "botId": "2",
  "strategy": "momentum",
  "startDate": 1748528518088,
  "initialValue": 0,
  "portfolioHistory": [
    {
      "timestamp": 1748537762322,
      "value": 0,
      "dailyChangePercent": 0
    }
  ],
  "transactions": [
    {
      "type": "rebalance",
      "transaction": "0xcd22a724d0b42a24d0c650ffdb1d960e9eb1ab80a48bb3e453e27a874ed0b300",
      "assets": 0,
      "timestamp": 1748537762322
    }
  ],
  "riskLevel": "moderate",
  "overallStats": {
    "totalReturn": 0,
    "maxDrawdown": 0,
    "sharpeRatio": 0,
    "volatility": 0
  }
}